crm_familiarity,n,percentage,label
No,8,44.44444444444444,"No
44.4%"
Unsure,7,38.88888888888889,"Unsure
38.9%"
Yes,3,16.666666666666664,"Yes
16.7%"
